Código;M. U. Medico;Cantidad; Valor PUC ; Valor FIFO ;PUC;FIFO
10501;ABBOCATH N 14 X 1 UNIDAD           ;150;4259; -   ;28,39;0
100503;ABBOCATH N 18 X 1UNIDAD            ;300;12594;12570;41,98;41,9
100504;ABBOCATH N 20 X 1UNIDAD            ;1350;56673;56673;41,98;41,98
100505;ABBOCATH N 22 X1UNIDAD             ;950;39881;39881;41,98;41,98
100506;ABBOCATH N 24 X 1UNIDAD            ;550;23089;23089;41,98;41,98
33000;AGUJA BIOPSIA 18X25REF.763418250   ;27;38934;38934;1442;1442
121616;AGUJA BIOPSIA RENAL MONOPTY 16GX16 ;2;2881;2881;1440,5;1440,5
10400;AGUJA DE FISTULA ROT Y FENES 16G   ;500;9185;9185;18,37;18,37
390;AGUJA GUIA KIRSCHNER 3.2mm         ;1;565;565;564,84;564,84
90010;AGUJA PARA PL SPINOCAN 19G * 3.5   ;10;775;775;77,5;77,5
672500;AGUJA PARA PL SPINOCAN 25G*3.5     ;25;1938;1938;77,5;77,5
672483;AGUJA PARA PL SPINOCAN 27 X 3 1/2  ;30;2790;2790;93;93
672587;AGUJA PENCAN 25G X 3.1/2           ;35;8680;8680;248;248
672588;AGUJA PENCAN 27G X 3.1/2           ;25;6200; -   ;248;0
672706;AGUJA PERICAN 18G X 3.1/4          ;25;3150;3150;126;126
73119;AGUJA PORTACATH 19G X 15           ;40;8400;8400;210;210
10101;AGUJAS DESC. 18G X 1 1/2 X 1 UNIDAD;2800;2464;2464;0,88;0,88
31200;AGUJAS DESC. 20G X 1 1/2 X 1 UNIDAD;100;74;74;0,74;0,74
10104;AGUJAS DESC. 21G X 1 1/2 X 1UNIDAD ;1100;968;968;0,88;0,88
10107;AGUJAS DESC. 23G X 1 X 1 UNIDAD    ;400;352;340;0,88;0,85
10105;AGUJAS DESC. 25G X 5/8 X 1 UNIDAD  ;4800;4224;4224;0,88;0,88
870001;AMBU ADULTO SILICONA               ;2;4780;4780;2390;2390
51416;APOSITO ADHESIVO TELFA 10.2X25.4CM ;60;4200;4200;70;70
6013;APOSITO ALGINATO CURASORB 10X20    ;60;9300;9300;155;155
85460;APOSITO BIODRES SOBRE X 2          ;226;41033;41033;181,56;181,56
96459;APOSITO CARBON Y PLATA 10X10 APITER;10;520;483;52;48,33
52091;APOSITO CARBON Y PLATA 10X10SANYFIC;5;275;275;55;55
510864;APOSITO CORTICO-DRESS SOBRE X 2    ;30;5967;5913;198,9;197,1
94459;APOSITO DE CARBON 10 X 10 APITER   ;25;675; -   ;27;0
101311;APOSITO DE CARBON 10 X 10 SANYFICO ;100;4200;4200;42;42
32250;APOSITO HIDROC. FINO CASEX 15X15X1 ;50;3000;3000;60;60
322490;APOSITO HIDROC. FINO CASEX 20X20X1 ;40;3960;3792;99;94,8
187661;APOSITO HIDROC. GRUESO 15X15X1UNID ;40;16848;16593;421,21;414,82
49612;APOSITO HIDROC.RESTORE EX.FINO.UCEP;12;4788;4788;399;399
843258;APOSITO OPERCAT 16X5 CAJA X 25U.   ;8;13488;1558;1686;194,75
2671;APOSITO TRANSP.9*15 OPER EASY * 1  ;2080;35734;34507;17,18;16,59
23126;APOSITO TRANSP.PED. OPER EASY * 1  ;2200;12122;11396;5,51;5,18
14203;ARO COLOSTOMIA 57MM NEW IMAGE 14203;15;3360;3360;224;224
14603;ARO COLOSTOMIA 57mm NEW IMAGE      ;116;25984;25984;224;224
14204;ARO COLOSTOMIA 70mm NEW IMAGE      ;48;10752;10752;224;224
14202;ARO COLOSTOMIA NEW IMAGE 44MM      ;25;5600;3240;224;129,59
10364;AROS BILLENAU P/ ORL               ;1;2600;1600;2600;1600
31535;AZUL DE METILENO 1% X 1 ML         ;3;734;734;244,71;244,71
90001;AZUL TRYPAN                        ;5;2054;2050;410,82;409,92
30021;BAJA LENGUA * 1                    ;2700;1647;1647;0,61;0,61
644;BILIBAND MICRO PROTECTOR FOTOTERAPI;6;1650;1647;275;274,45
41010;BISTURI CRESCENT 2.0mm             ;12;4423;4423;368,56;368,56
52821;BISTURI OFT. 2.75MM                ;12;4423;4401;368,56;366,76
21501;BISTURI OFT.15 GRADOS              ;12;3686;3686;307,13;307,13
39811;BLOQUEADOR DE BULON CEFALICO TITANI;1;753;753;753,12;753,12
100003;BOLSA ASPIRADOR  RECEPTAL LINER 1  ;220;21820;21820;99,18;99,18
50002;BOLSA COLECT.ORINA PEDIATRICA HOUSE;5;28;28;5,5;5,5
50001;BOLSA COLECTORA ORINA ADULTO       ;380;3933;3857;10,35;10,15
18123;BOLSA COLOSTOMIA 57MM N.IMAGE 18123;15;2085;2085;139;139
18113;BOLSA COLOSTOMIA 57mm N.IMAGE      ;21;3045;2974;145;141,64
18114;BOLSA COLOSTOMIA 70 NEW IMAGE      ;8;1160;1327;145;165,83
7600;BOLSA COLOSTOMIA AUTOADHESIVA      ;65;5395;5395;83;83
7650;BOLSA COLOSTOMIA AUTOADHESIVA 7650 ;72;10080;10074;140;139,92
18112;BOLSA COLOSTOMIA N.IMAGE 44mm      ;5;725;701;145;140,13
18422;BOLSA UROSTOMIA NEW IMAGE 44mm18422;5;1120;1120;224;224
18403;BOLSA UROSTOMIA NEW IMAGE 57MM     ;10;2240;2183;224;218,26
18404;BOLSA UROSTOMIA NEW IMAGE 70MM     ;10;2050;2050;205;205
8715;BOTON GASTROSTOMIA 18FR 1.2 C/BALON;1;7950;7950;7950;7950
773120;BULON 105MM                        ;1;5832;4860;5832,2;4860,13
106110;BULON CEFALICO TITANIO 10.6 X 110mm;1;4519;4519;4518,72;4518,72
962;CABLE CONEXION P/GASTO CARD.SANGUAM;1;25903;25903;25903;25903
951;CABLE IBP CONEXION IBP NIHON KODHEN;1;8634;6178;8634;6177,75
2041;CABLE MULTIMED P/DRAGUER INFINITY  ;1;13490;13061;13490;13061,43
5125;CABLE PACIENTE ECG 5 DERIV. P/ BLT ;1;2490;2490;2490;2490
1105;CABLE PACIENTE ECG FUKUDA FX7102   ;2;17180;16780;8590;8390
1053;CABLES PACIENTE ECG VARIOS         ;1;2590;2748;2590;2747,73
1300;CAMPO PARA COBERTURA DE CAJAS BLANC;160;4960;4782;31;29,89
168;CAMPO PARA COBERTURA DE CAJAS VERDE;180;5071;5071;28,17;28,17
215;CAMPOS DESCARTABLE 2X1.40          ;350;15225;12915;43,5;36,9
313;CAMPOS DESCARTABLE 2X1.40 HOUSE    ;140;1960;1960;14;14
350013;CAMPOS DESCARTABLES 1M  X 1M       ;800;11920;18784;14,9;23,48
1035;CAMPOS DESCARTABLES 1X1 HOUSE      ;300;10500;10500;35;35
445;CANISTER PARA BOLSA LINER 2L       ;2;1544;1481;772;740,65
800040;CANO PVC. 5/16 X 3m ESTERIL USO B.Q;72;7776;7776;108;108
5017;CANO SILICONADO 6 X 12 X 1METRO    ;30;3729;3729;124,3;124,3
127;CANO SILICONADO 8 X 14 X 1METRO    ;90;14292;14292;158,8;158,8
1015;CANO SILICONADO 8 X 14 X METRO ROJO;100;15880;15880;158,8;158,8
312;CANULA ALTO FLUJO OPTI FLOW PREMAT.;2;3700;3700;1850;1850
23208;CANULA NASAL P/CPAP N 8            ;15;7800;7800;520;520
20709;CANULA TRAQUEOTOMIA C/B N 9        ;3;921;921;307;307
45036;CANULA TRAQUEOTOMIA S/B N 10       ;3;954;954;318;318
21211;CANULA TRAQUEOTOMIA S/B N 11       ;3;954;933;318;310,86
11801;CANULA TRAQUEOTOMIA S/B N 9        ;7;2226;2226;318;318
24315;CARTUCHO GASOMETRO 3000            ;4;132594;126907;33148,56;31726,79
671709;CATETER CISTOSTOMIA (CISTOFIX)N 10 ;3;3090; -   ;1030;0
109011;CATETER DIALISIS TESIO BFR - 6     ;3;46680;44780;15560;14926,67
60219;CATETER DOBLE LUZ 12 X 15 NIPRO    ;2;3400; -   ;1700;0
60129;CATETER DOBLE LUZ 12 X 20          ;3;5610;5610;1870;1870
530855;CATETER EMBOLECTOMIA N 8           ;3;2040;2040;680;680
50341;CATETER HISTEROSALPINGOGRAFIA      ;4;16512;16512;4128;4128
11511;CATETER LEADER CATH 18G X 10CM     ;2;2566;2532;1283,07;1266,09
115090;CATETER LEADER CATH 20G X 8CM      ;20;27622;27622;1381,08;1381,08
80010;CATETER NEFROSTOMIA F 10           ;1;3696;5073;3696;5073,33
80006;CATETER NEFROSTOMIA F 6            ;1;2300; -   ;2300;0
125330;CATETER NUTRILINE 3FR.             ;2;6053;6053;3026,51;3026,5
85;CATETER OXIGENOTERAPIA NASAL ADULTO;15;405;405;27;27
23002;CATETER OXIGENOTERAPIA NASAL NEONAT;6;222;222;37;37
2117;CATETER OXIGENOTERAPIA NASAL NINOS ;10;389;389;38,85;38,85
23008;CATETER OXIGENOTERAPIA NASAL PREMAT;5;575;551;115;110,29
126120;CATETER PERMICATH 1FR 28G          ;3;9804;9538;3268,16;3179,21
62225;CATETER UMBILICAL N 2.5            ;5;410; -   ;82;0
62103;CATETER UMBILICAL N 3.0            ;5;395; -   ;79;0
9726;CATETER URETERAL DOBLE J 7X26 SOFT ;2;6200;5550;3100;2775
660701;CATETER URETERAL OPEN END 7 X 70   ;1;424;424;424;424
81857;CATETER VENOPUNCION C/SEGURIDAD N16;200;6240; -   ;31,2;0
381844;CATETER VENOPUNCION C/SEGURIDAD N18;200;6236;6236;31,18;31,18
381834;CATETER VENOPUNCION C/SEGURIDAD N20;100;2970;2970;29,7;29,7
381823;CATETER VENOPUNCION C/SEGURIDAD N22;50;1485;1485;29,7;29,7
20355;CATETER VV CEN. SELDINGER DOBLE LUZ;6;11274;11274;1879;1879
12101;CATETER VV CENTRAL SELDINGER       ;34;9860;9860;290;290
12102;CATETER VV CENTRAL SELDINGER FENEST;22;6160;6160;280;280
880200;CEMENTO OSEO RADIOPACO C/ANTB X CAJ;4;7604;7604;1901,07;1901,07
13400;CEPILLOS ESTERILES SECO            ;1020;21420;20726;21;20,32
31;CERA PARA HUESOS                   ;12;3854; -   ;321,19;0
150;CHIRIPA DESCARTABLE                ;200;1100;1016;5,5;5,08
111;CINTA ADHESIVA DE SEDA 5CM         ;6;414; -   ;69;0
30016;CINTA ADHESIVA LEUKOPLAST 10CM     ;45;10485;10474;233;232,76
3000;CINTA ADHESIVA LEUKOPLAST 5CM      ;19;2185;2145;115;112,87
5622;CINTA ADHESIVA OPER TAPE 10*10 * 1 ;23;3979;3979;173;173
5623;CINTA ADHESIVA OPER TAPE 15X10 X 1 ;30;7740;7740;258;258
30015;CINTA ADHESIVA PAPEL 2.5CM         ;564;8263;8263;14,65;14,65
109;CINTA ADHESIVA PAPEL 5CM           ;306;8966;8966;29,3;29,3
1102;CINTA ADHESIVA PLASTICA 5CMM       ;42;2180;2180;51,9;51,9
130008;CIRCUITO AMERICANO DESC. ADULTO    ;1;1400;1400;1400;1400
130060;CIRCUITO ARM COMPACTO 1.5mt ADULTO ;136;27853;27853;204,8;204,8
130028;CIRCUITO ARM COMPACTO 1.5mt PED    ;22;8177;8177;371,7;371,7
2900;CIRCUITO ARM DRAGUER LIMBO         ;7;4631;4632;661,5;661,65
7366;CIRCUITO P/ALTO FLUJO PT531        ;2;5700;5700;2850;2850
131008;CIRCUITO PEDIATRICO PARA SECHRIST  ;10;10890;10890;1089;1089
60015;CLAMPS UMBILICALES                 ;70;350;350;5;5
11380;CLAVO GAMA LARGO 380 IZQUIERDO     ;1;14400;14400;14400;14400
4297;CLAVO GAMMA TITANIO CORTO 20CM     ;1;17510;17510;17510,04;17510,04
80100;COMPRESA PARA RECIEN NACIDO 80X100 ;80;6878;6814;85,98;85,17
6033;CONDON P/ INCONTINENCIA 35MM SANYFI;20;600;600;30;30
1962;CONECTOR 22F-15M REF1962           ;6;252;252;42;42
1986;CONECTOR EN T 22M/15F              ;10;730;730;73;73
494;CUCHILLA DESC.DE ALTO PERFIL X 50  ;3;17414; -   ;5804,5;0
30008;DEDILES DE LATEX                   ;40;27;27;0,68;0,68
859110;DISPOSITIVO ATOMIZADOR MAD NASAL3mL;5;1750;1750;350;350
1525;DOSIFICADOR SUREFUSER 250X7        ;5;4500;4500;900;900
35735;DRENAJE ASPIRATIVO HEMOSUC N 16    ;1;549;434;549;434
25003;DRENAJE ASPIRATIVO HEMOSUC N12     ;3;1647; -   ;549;0
1039;DRENAJE ASPIRATIVO HEMOSUC N18     ;16;8784;8784;549;549
890215;ELECTRODODS ADULTOS X 1 GUNTER     ;200;560;560;2,8;2,8
60012;ELECTRODOS ADULTOS X 1 HOUSE       ;1800;7128;7128;3,96;3,96
60013;ELECTRODOS PEDIATRICOS x1          ;50;198;198;3,96;3,96
40002;EQUIPOS INFUSORES MACROGOTEROS     ;7320;30524;30524;4,17;4,17
40003;EQUIPOS INFUSORES MICROGOTEROS     ;50;863;863;17,25;17,25
4052;ESPECULOS DESCARTABLES M X 1UNIDAD ;220;6710;6050;30,5;27,5
4051;ESPECULOS DESCARTABLES S X 1 UNIDAD;620;18910;14582;30,5;23,52
120130;ESPONJA ANTI ESCARAS P/TALONX1SANYF;4;520;520;130;130
89006;ESPONJA ANTIESCARAS P/TALON        ;12;1795;1795;149,59;149,59
800;ESPONJAS NASALES C/TUBO            ;6;2460; -   ;410;0
68012;ESTETOSCOPIO PEDIATRICO HOUSE      ;6;1013;1013;168,9;168,9
68011;ESTETOSCOPIO SIMPLE X 1            ;4;599;585;149,8;146,33
82041;EXTRACTOR DE VENA DESCARTABLE *1   ;3;2190;2096;730;698,57
162106;FIBRA DIALISIS F10 HPS             ;72;70304;70304;976,44;976,44
162105;FIBRA DIALISIS F8 HPS              ;48;39664;39449;826,34;821,85
50150;FILTRO ARM HUMIFICADOR C/ALARGUE   ;65;3169;3169;48,75;48,75
67133;FILTRO BACTERIANO HOUSE            ;255;15045;15045;59;59
674513;FILTRO EPIDURAL 0.2 MICRAS PERIFIX ;9;702;685;78,02;76,16
500149;FILTRO P/RAPHAEL AUTOCLAVABLE      ;1;2680;2680;2680;2680
125501;FILTRO TRASDUCER P/ HEMODIALISIS   ;500;4125;4125;8,25;8,25
102008;FOCOS LARINGOSCOPIOS               ;4;488;488;122;122
33100;FRASCO DRENAJE TORAX ADULTO EMEDICA;4;2015;2015;503,8;503,8
70039;FRASCO LAVADOR OXIGENO             ;15;5403;5402;360,2;360,15
30009;GASA EN PIEZA                      ;220;162360;156515;738;711,43
95036;GERSITOL HIDROGEL C/ALGINATO 50 GR.;37;12062;12682;326;342,77
1246;GLUCOSA EN POLVO x 1 kg.           ;10;1666;1666;166,6;166,6
2211;GORRO DESCARTABLE HOUSE X1 UNI     ;2200;1606;1606;0,73;0,73
22211;GORRO DESCARTABLE MEDICAL KIT      ;2000;1200;1200;0,6;0,6
22111;GORRO DESCARTABLE ZONSEJNAS X 1 UNI;700;1155;1155;1,65;1,65
64054;GUANTE DE NITRILO L NIPRO CAJ.X100 ;12;1920;1911;160;159,29
30005;GUANTE DE NITRILO TALLE.S.CAJ X 100;28;4480;4480;160;160
30004;GUANTES DE LATEX G CAJAS X 100     ;212;21412;21412;101;101
30007;GUANTES DE LATEX M CAJA X 100      ;254;25654;25522;101;100,48
30003;GUANTES DE NITRILO M NIPRO         ;161;25760;25760;160;160
35002;GUANTES ESTERILES 6 1/2 X PAR      ;1300;7644;7644;5,88;5,88
35004;GUANTES ESTERILES 7 1/2 X PAR      ;1250;7350;7350;5,88;5,88
35003;GUANTES ESTERILES 7 X PAR          ;1000;5880;5880;5,88;5,88
35006;GUANTES ESTERILES 8 1/2 X PAR      ;150;882;882;5,88;5,88
35005;GUANTES ESTERILES 8 X PAR          ;900;5292;5292;5,88;5,88
99759;GUIA RECTA ROAD RUNNER RPC 35-260  ;1;3702;3702;3702;3702
1237;HELADERA VERTICAL REFIRMATE 600 LTS;1;38327;38327;38327,1;38327,1
9974;HIDROGEL ACUOSO KENDALL X1POMO.90GR;20;8720;8720;436;436
1500;HISOPO P/COLPOSCOPIA               ;500;5510;5510;11,02;11,02
210003;HOJAS BISTURI N.22                 ;200;990; -   ;4,95;0
2201;HOJAS DE BISTURI Nro. 11 * 1UNIDAD ;200;1030;1030;5,15;5,15
21001;HOJAS DE BISTURI Nro.15 * 1 unidad ;200;1030;1030;5,15;5,15
21003;HOJAS DE BISTURI Nro.21 * 1 unidad ;300;1545;1545;5,15;5,15
21000;HOJAS DE BISTURI nro 10            ;100;474; -   ;4,74;0
2202;HOJAS DE BISTURI nro 12            ;100;474;474;4,74;4,74
21004;HOJAS DE BISTURI nro. 23 * 1 unidad;100;515;510;5,15;5,1
394;INDICADOR BIOL.BOWI DICK X 1       ;60;8220;8220;137;137
3016;INHALOCAMARA ADULTO GUNTER         ;19;3195;3281;168,18;172,67
10196;INHALOCAMARA ADULTO PROMOFARMA     ;20;3660;3660;183;183
3017;INHALOCAMARA PEDIATRICA GUNTER     ;14;2590;2590;185;185
10195;INHALOCAMARA PEDIATRICA PROMOFARMA ;20;3660;3660;183;183
1615;INHALOCAMARAS P/CIRCUITO RESP      ;17;2329;2329;137;137
401121;INMOVILIZADOR CABEZA ADULTO FILADEL;2;1160;5587;580;2793,33
401120;INMOVILIZADOR CABEZA COMPLETO PED  ;1;1029;730;1029;729,67
400451;INMOVILIZADOR CUELLO MINERVA ADULTO;4;4116;4116;1029;1029
400452;INMOVILIZADOR CUELLO MINERVA NINO  ;4;2320;2320;580;580
678017;JERINGA BOMBA BRAUM  20 CC * 1     ;400;29540;31440;73,85;78,6
13109;JERINGA BOMBA BRAUM 50 CC. * 1     ;300;24900;24900;83;83
13104;JERINGA DESC. 10cc X 1UNIDAD       ;10700;19260;19260;1,8;1,8
13009;JERINGA DESC. 1cc. X 1UNIDAD       ;3500;5075;5075;1,45;1,45
13102;JERINGA DESC. 2.5 O 3cc X 1UNIDAD  ;2200;2772;2772;1,26;1,26
13103;JERINGA DESC. 5cc X1UNIDAD         ;13700;17262;17262;1,26;1,26
13105;JERINGA DESCARTABLE 20cc X 1UNIDAD ;11700;30420;30420;2,6;2,6
13107;JERINGA DESCARTABLES TOMEY 50 cc.  ;400;3500;3500;8,75;8,75
6730;JERINGA DOBLE CANAL P.BOMBA CONTRAS;10;10331;10312;1033,13;1031,16
752240;JERINGA P/BOMBA DE MEDIO CONTRASTE ;20;7520;7520;376;376
672940;JERINGA PERIFIX BAJA RESISTENCIA   ;25;4095;4095;163,8;163,8
73;KIT CESAREA COMPLETO               ;22;19756;19756;898;898
60;KIT CIRUGIA COMPLETO 60GR HOUSE    ;133;86450;85093;650;639,8
6060;KIT CIRUGIA COMPLETO 60GR ZONSEJNAS;35;20650;20650;590;590
141;KIT CIRUGIA MAYOR ESTERIL N.41     ;45;40050;40050;890;890
20611;KIT P.CIRUGIA OFTALMOLOGICA C/FILM ;20;7920;7920;396;396
663;LALON (BIO-HYALUR 1.4 %) SUST.VISCO;15;12886;12739;859,09;849,27
890003;LAPIZ DEMOGRAFICO GUNTER           ;13;1014;1014;78;78
4058;LIGADURA LATEX * 1                 ;1;20;20;19,5;19,5
1999;LIO 17                             ;1;683;683;682,85;682,85
60175;LIO 17.5                           ;1;681;681;681,4;681,4
2008;LIO 20 D                           ;3;2058;1970;686,16;656,83
2009;LIO 20.5 D                         ;1;691;626;690,76;625,57
2012;LIO 21 D                           ;2;1372;1324;686,16;661,82
2015;LIO 22 D                           ;1;681;653;681,4;653,17
2018;LIO 23                             ;3;2072;2051;690,76;683,66
2119;LIO 24.5 D                         ;2;1382;1374;690,76;686,8
50430;LIO PLEGABLE PLUS -3               ;1;5147;5147;5146,63;5146,63
40140;LIO PLEGABLE PLUS 14               ;1;1536; -   ;1536,24;0
40210;LIO PLEGABLE PLUS 21               ;1;1533;1533;1532,97;1532,97
40215;LIO PLEGABLE PLUS 21.5             ;2;3108;3086;1554,03;1542,99
40220;LIO PLEGABLE PLUS 22               ;1;1533;1531;1532,97;1531,48
40240;LIO PLEGABLE PLUS 24               ;2;3108;3086;1554,03;1542,99
40009;LLAVE TRIPLE VIA X 1 UNIDAD        ;2900;19720;19720;6,8;6,8
103;MALLA ELASTICA EN TUBO NRO. 2      ;3;432;432;144;144
104;MALLA ELASTICA EN TUBO NRO. 3      ;2;307;307;153,7;153,7
105;MALLA ELASTICA EN TUBO NRO. 4      ;17;3001;3001;176,5;176,5
106;MALLA ELASTICA EN TUBO NRO. 5      ;36;6365;6365;176,8;176,8
107;MALLA ELASTICA EN TUBO NRO.6       ;72;20146;20146;279,8;279,8
108;MALLA ELASTICA EN TUBO NRO.7       ;37;17753;17753;479,8;479,8
117;MALLA ELASTICO EN TUBO NRO. 8      ;13;7797;7797;599,8;599,8
3031;MALLA VICRYL 30X30                 ;1;6392;6392;6392;6392
406;MAMADERA VIDRIO 100cc C/TAPA CIEGA ;10;750;750;75;75
4032;MANGO P/APARAT.PRSION OMROM XL     ;1;599; -   ;599;0
6353;MANTA TERMICA DE ABAJO ADULTO E-MED;14;32760;32760;2340;2340
38903;MANTA TERMICA DE ABAJO ADULTO SANYF;15;10500;10500;700;700
55000;MANTA TERMICA DE ABAJO PEDIAT.E-MED;10;20450;20450;2045;2045
22119;MARIPOSA NO. 21 NIPRO              ;950;7838;7838;8,25;8,25
43582;MARIPOSA NO.23 NIPRO               ;300;2475;2475;8,25;8,25
10604;MARIPOSA Nro.21 G* 1 (VENOFIX)     ;1900;13585;13585;7,15;7,15
45018;MASCARA FLUJO CONTROLADO 24% * 1   ;2;118;118;59;59
60007;MASCARA FLUJO LIBRE ADULTO         ;2;125;125;62,3;62,3
6836;MASCARA FLUJO LIBRE C/RESERV.ADULTO;4;336;336;83,9;83,9
576;MASCARA FLUJO LIBRE PEDIATRICA     ;2;125;125;62,3;62,3
851020;MASCARA LARINGEA SUPREME N 3       ;2;2640;2640;1319,85;1319,85
443;NAPA QUIRURGICAS X1 UNIDAD         ;20;3602;3602;180,1;180,1
32002;NEBULIZADOR DESARMABLES PLASTICO   ;16;913;913;57,05;57,05
22840;OTOSCOPIO                          ;1;4800;4683;4800;4683,33
21405;PALA LARINGO CURVA N 2 CLAP        ;2;2032;1785;1016;892,5
102140;PALA LARINGO CURVA N3 CLAP C/FOCO  ;1;1016;1016;1016;1016
101081;PALA LARINGO N1 CURVA              ;1;769;801;768,6;800,52
4013;PALAS P/LARINGO CURVAS N�4         ;1;1016;930;1016;929,86
510;PARCHE MARCAPASO EXTERNO           ;2;4380;4380;2190;2190
30123;PARCHE OCULAR ADULTO CAJA X 20     ;10;3620;3485;362;348,48
301101;PARCHE OCULAR PEDIATRICO CAJA x 20 ;5;1395;1233;279;246,67
605;PASTA ADAPT PREMIUN POMO 57 GR     ;1;530;529;530;528,87
604;PASTA KARAYA POMO 128 GR           ;5;2950;2855;590;570,94
28758;PASTA STOMAHDESIVE                 ;1;1591;1550;1591,35;1549,96
100008;PERFORADOR MEMBRANA AMNIOTICA      ;30;537; -   ;17,9;0
672904;PERIFIX SET P/PUNCION 18G X 20G    ;2;1070;1070;535;535
30018;PICETAS PLASTICA CON TAPA          ;19;1406;1406;74;74
31101;PINZA CRILE 14CM CURVA             ;1;230;230;230;230
281960;PLACA DCS95 6 AGUJ.L114ACERO       ;2;33510;33590;16755,18;16794,96
812131;PLACA ELECTROBISTURI UNIVERSAL     ;295;21860;21860;74,1;74,1
240037;PLACA LCP 4.5/5P.TIBIA PROX IZQ.6  ;1;40403;40403;40402,78;40402,78
240161;PLACA LCP4.5/5T CUERP.6AG L116ACERO;1;5816;5816;5816,44;5816,44
240039;PLACA LCP4.5/PTIBIA.PROXIZ.6       ;1;40403;40403;40402,78;40402,78
13011;PONCHOS DESCARTABLES               ;550;5401;5374;9,82;9,77
31142;PORTA AGUJA MAYO 14CM              ;1;320;320;320;320
258;PORTA OBJETOS ESMERILADOS CAJA X 50;44;3696;3696;84;84
680005;PRESURISADOR DE SUERO REUSABLE     ;2;10980;10980;5490;5490
91020;PRISMA FRESNEL 2.0                 ;1;1543;1543;1543,14;1543,14
91040;PRISMA FRESNEL 4.0                 ;1;1543;1543;1543,14;1543,14
91050;PRISMA FRESNEL 5.0                 ;1;1543;1543;1543,14;1543,14
91060;PRISMA FRESNEL 6.0                 ;1;1543;1543;1543,14;1543,14
91070;PRISMA FRESNEL 7.0                 ;1;1543;1543;1543,14;1543,14
91080;PRISMA FRESNEL 8.0                 ;1;1543;1543;1543,14;1543,14
39209;PROLONGADOR C/FILTRO 0.2 MICRAS    ;20;3546;3546;177,3;177,3
40006;PROLONGADOR PARA BOMBA BRAUN       ;427;28951;28951;67,8;67,8
7110;PROLONGADOR UCEP REF71100.01       ;25;2803;2803;112,11;112,11
95901;PROTECTOR P/CAMARA DE NYLON TUBULAR;140;4204;4204;30,03;30,03
798;PROTESIS ARTERIAL 6X70 LISA ARCOS  ;2;18200; -   ;9100;0
3488;PUNTERO YANKAUER DESC.ADULT SANYFIC;18;3510;3510;195;195
21100;RAMA ELECTROBISTURI AUTOCLAVAVLE   ;16;16304;16304;1019;1019
530207;RAMA ELECTROBISTURI DESCARTABLE    ;14;2100;2100;150;150
40100;REGULADOR DE ASPIRACION * 1        ;30;473;463;15,75;15,44
2679;REGULADOR DE INFUSION DIALAFLOW    ;238;10210;10210;42,9;42,9
10514;RINONES DESCARTABLES *1            ;22400;94080;94080;4,2;4,2
72;ROPA ARTROSCOPIA COMPLETO ESTERIL  ;28;28840;27242;1030;972,94
302374;SENSOR OXIM.ADULTO EN PINZA        ;1;2090;1890;2090;1890
180104;SENSOR OXIM.ADULTO EN PINZA DRAGUER;2;4180;3831;2090;1915,71
15100;SENSOR OXIM.ADULTO P/BLT M8000     ;1;3927;3927;3927;3927
10536;SENSOR OXIM.PEDIATRICO EN PINZA    ;2;3580;3580;1790;1790
16480;SET BOMBA ABBOTH 5000              ;560;274260;274260;489,75;489,75
40012;SET BOMBA ABBOTH NITROGLICERINA    ;66;36213;36213;548,68;548,68
2281;SET BOMBA LIBRA P/ALIMENTACION     ;20;4599;4480;229,96;224
82018;SET COMPLETO P/PRESION INVASIVA    ;19;19494;19494;1026;1026
682040;SET COMPLETO PRESION INVASIVA NEO. ;4;3596;3596;899;899
10005;SET NEFROSTOMIA COMPLETO N 6       ;2;8200;8200;4100;4100
31626;SET URETERAL DOBLE J 6X26 FIRM SANY;3;9900;9900;3300;3300
7917;SKIN GEL CUTANEO P/COLOST X1UNIDAD ;50;1455;1455;29,1;29,1
300301;SONDA ALIMENTACION N 2             ;110;1012;1012;9,2;9,2
24689;SONDA ALIMENTACION N2 ROMSON UCEP  ;100;700;700;7;7
320101;SONDA ALIMENTACION NO 3            ;43;396;396;9,2;9,2
320401;SONDA ALIMENTACION NO 4            ;20;184;184;9,2;9,2
3001;SONDA ALIMENTACION No.1            ;70;644;644;9,2;9,2
500501;SONDA ASPIRACION N 5 ADULTO        ;430;3935;3935;9,15;9,15
50011;SONDA ASPIRACION N 6 ADULTO        ;150;1373;1373;9,15;9,15
614;SONDA ASPIRACION N 6 NEONATAL      ;50;975;975;19,5;19,5
70801;SONDA ASPIRACION N 8 NEONATAL      ;60;1140;1140;19;19
5544;SONDA ASPIRACION N8 ADULTO CRISTAL ;30;254;254;8,45;8,45
125041;SONDA BRONQUIAL SELECTIVA IZQ. 41  ;1;1850;1850;1850;1850
150261;SONDA FIOLEY 3 VIAS N 20 GUNTER    ;10;1415; -   ;141,5;0
70607;SONDA FOLEY 2 VIAS SILICONADA N.16 ;10;1680;1680;168;168
70606;SONDA FOLEY 2 VIAS SILICONADA N.18 ;26;4888;4852;188;186,6
503181;SONDA FOLEY 2 VIAS SILICONADA N.8GU;5;650;650;130;130
150026;SONDA FOLEY 2 VIAS SILICONADAS N.22;5;400;400;80;80
50010;SONDA FOLEY 2 VIAS SILICONADAS N.6 ;6;3750;3575;625;595,83
183005;SONDA FOLEY 3V.SILICONA N16        ;10;1590;1590;159;159
503018;SONDA FOLEY 3VIAS SILICONA N 18    ;11;5610;4416;510;401,43
503507;SONDA FOLEY 3VIAS SILICONADA N 20  ;30;4680;3270;156;109
503024;SONDA FOLEY 3VIAS SILICONADA N 24  ;2;1020;1020;510;510
50017;SONDA FOLEY NO. 8                  ;1;128;126;128;126,31
50019;SONDA FOLEY NO.14                  ;73;2796;2796;38,3;38,3
50020;SONDA FOLEY NO.16                  ;56;2436;2216;43,5;39,57
50021;SONDA FOLEY NO.18                  ;46;2001;1924;43,5;41,83
15023;SONDA FOLEY NO.20                  ;17;740;740;43,5;43,5
57003;SONDA NASOGASTRICA  NO 16          ;15;255;241;17;16,05
57004;SONDA NASOGASTRICA  NO 18          ;11;187;187;17;17
57005;SONDA NASOGASTRICA  NO 20          ;5;85;85;17;17
991106;SONDA NASOGASTRICA N 6             ;3;36;36;12;12
563389;SONDA NELATON DE GOMA NRO.22*1     ;3;69;64;23,1;21,19
63334;SONDA NELATON DE GOMA Nro.12 * 1   ;7;178;176;25,4;25,1
63341;SONDA NELATON DE GOMA Nro.14 * 1   ;40;924;924;23,1;23,1
570003;SONDA NELATON DE GOMA Nro.16       ;5;127;122;25,4;24,41
500108;SONDA NELATON DE GOMA Nro.6 * 1    ;5;4175;4175;835;835
191801;SONDA OROTRAQ.C/B Y ASP.SUBGLOT 9.0;3;636;615;212;205
50101;SONDA OROTRAQUEAL CON BALON 2.5    ;1;34;34;34,1;34,1
50103;SONDA OROTRAQUEAL CON BALON 3.5    ;5;400;400;80;80
50104;SONDA OROTRAQUEAL CON BALON 4      ;3;240;240;80;80
50105;SONDA OROTRAQUEAL CON BALON 4.5    ;2;160;160;80;80
50106;SONDA OROTRAQUEAL CON BALON 5 mm * ;6;317;317;52,8;52,8
50107;SONDA OROTRAQUEAL CON BALON 5.5 *1 ;1;53;53;52,8;52,8
50108;SONDA OROTRAQUEAL CON BALON 6 MM * ;25;1320;1320;52,8;52,8
50109;SONDA OROTRAQUEAL CON BALON 6.5 MM ;9;475;475;52,8;52,8
50110;SONDA OROTRAQUEAL CON BALON 7 * 1  ;33;1742;1742;52,8;52,8
50111;SONDA OROTRAQUEAL CON BALON 7.5    ;60;3168;3168;52,8;52,8
50112;SONDA OROTRAQUEAL CON BALON 8 MM   ;53;2798;3369;52,8;63,57
50113;SONDA OROTRAQUEAL CON BALON 8.5    ;4;792;192;198;48
5101;SONDA OROTRAQUEAL SIN BALON 2      ;6;261;261;43,45;43,45
20605;SONDA OROTRAQUEAL SIN BALON 2.5    ;6;205;205;34,1;34,1
150001;SONDA RECTAL DESCARTABLE N 8       ;3;41;41;13,5;13,5
507008;SONDA VESICAL DOFOUR 3 V N. 20     ;5;9850;9850;1970;1970
815;STERI PAPEL BOBINA 10*200          ;7;4919;4919;702,75;702,75
300012;STERI PAPEL BOBINA 12.5 X 200      ;3;2586;2540;862,13;846,52
355012;STERI PAPEL BOBINA 15*200          ;1;1036;1016;1035,94;1016,06
15200;STERI PAPEL BOBINA 15*200 ZONSEJNAS;3;3225;3225;1075;1075
35014;STERI PAPEL BOBINA 20*200          ;5;6960;6960;1392;1392
30169;STERI PAPEL BOLSA 10*24            ;2000;4220;4220;2,11;2,11
11249;STERI PAPEL BOLSA 15*30 ZONSEJNAS  ;3000;10500;10500;3,5;3,5
850;STERI PAPEL BOLSA 15*32            ;7000;29890;29890;4,27;4,27
1952;SURGICEL HEMOSTATICO 10X20CM X 12UN;1;6649;6649;6649,4;6649,4
35388;SURGIFLO HEMOSTATICO               ;1;9855;9054;9855,21;9053,76
120;SUTURA DERMABOND ADHESIVO          ;6;10863;10863;1810,43;1810,43
748;SUTURA ENDOLOOP W/0 18PDSII EZ10G  ;12;30061; -   ;2505,07;0
1324;SUTURA LINO 0 * 10 HEBRAS * 60 CM  ;24;3091;2798;128,8;116,57
1325;SUTURA LINO 1 * 10 HEBRAS * 75 CM  ;60;7728;7728;128,8;128,8
1323;SUTURA LINO 2 * 3 HEBRAS * 60 CM   ;24;3091;3090;128,79;128,77
1322;SUTURA LINO 3 * 10 HEBRAS * 75 CM  ;22;3143;3143;142,86;142,86
8049;SUTURA MEC. RECARGA GUIA 80 AZUL   ;2;6600;6600;3300;3300
60481;SUTURA MECANICA TA 60              ;1;9000;9000;9000;9000
496;SUTURA MONOCRYL 4.0                ;36;9457;9457;262,69;262,69
628;SUTURA NYLON ETHILON 2.0 C.A RECTA ;36;5173;5173;143,69;143,69
164;SUTURA NYLON ETHILON 2.0 C/A.CURVA ;48;7558;7558;157,46;157,46
163;SUTURA NYLON ETHILON 3.0 C/A CURVA ;130;19434;19434;149,49;149,49
14502;SUTURA NYLON ETHILON 4.0 C/A CURVA ;96;15113;15113;157,43;157,43
14501;SUTURA NYLON ETHILON 5.0 C/A CURVA ;24;3777;3777;157,39;157,39
1666;SUTURA NYLON ETHILON 5.0 C/AG PS2  ;24;6201; -   ;258,37;0
660;SUTURA NYLON ETHILON 6.0           ;24;5911;5724;246,29;238,49
55029;SUTURA PAPEL STERI-TRIP AZUL 12X100;20;3734;3734;186,68;186,68
55028;SUTURA PAPEL STERI-TRIP ROJO 6*75  ;10;943;943;94,34;94,34
8523;SUTURA PROLENE 2_/ 0               ;24;12499; -   ;520,8;0
352;SUTURA VICRYL 0 C/AGUJA CT         ;46;6473;6473;140,71;140,71
359;SUTURA VICRYL 1.0 C/AGUJA CT       ;246;40142;40140;163,18;163,17
1317;SUTURA VICRYL 2/0 C.AG. SH         ;36;5210;5210;144,73;144,73
3164;SUTURA VICRYL 3.0 C/AGUJA SH       ;72;11339;11709;157,48;162,63
547;SUTURA VICRYL 8.0 AG TG 140-8      ;12;12745;12342;1062,08;1028,46
8822;TAPA BOCA 3M C/VALVULA E-MEDICAL   ;80;40304;24362;503,8;304,52
2122;TAPABOCA COMUN X 1 MEDICAL KIT     ;800;984;984;1,23;1,23
212;TAPABOCA COMUN X 1 ZONSEJNAS       ;2950;5753;5576;1,95;1,89
2696;TAPONES P/LLAVES ESTERILES         ;1330;1929;1929;1,45;1,45
5514;TAPONES PARA SONDA VESICAL         ;60;330;330;5,5;5,5
32005;TERMOMETROS DIGITALES              ;18;2934;2934;163;163
30317;TIJERA DE MAYO 17CM RECTA          ;4;1280;1280;320;320
31328;TIJERA RECTA AGUDA P/SACAR PUNTO   ;3;585;585;195;195
7760;TOALLA REMOVEDOR ADHESIVO X1UNIDAD ;150;6150;6150;41;41
1380;TORNILLO CANUL.DE INTER. 8X20      ;1;8195;8195;8195,46;8195,46
1381;TORNILLO CANULADO 8X25             ;2;16391;18148;8195,46;9074,1
1391;TORNILLO CANULADO DE INT. 9 X 25 CO;1;8196;6162;8196,12;6161,77
214834;TORNILLO CORT 4.5 AUTOR. 34 ACERO  ;2;1431;1352;715,35;676,17
214844;TORNILLO CORT 4.5*44               ;2;1578;1483;788,76;741,67
3259;TORNILLO CORT.TITANIO 5mm X 40mm   ;1;941;941;941,4;941,4
1230;TORNILLO DE BLOQUEO                ;1;638;638;638;638
214840;TORNILLO DE CORTICAL 4.5 AUTORR L40;5;3818;3528;763,66;705,59
218065;TORNILLO DE ESPONJOSA 6.5 ROSCA TOT;2;2505;2464;1252,42;1231,77
280850;TORNILLO DHS 85 MM                 ;1;4353;4353;4353,16;4353,16
118927;TORNILLO INTERF.9X25.COD.1189273   ;1;2734;2383;2733,77;2383,31
218060;TORNILLO RSPONJOSA 6.5R.TOTAL L60AC;2;2352;2329;1176,02;1164,52
30160;TROCAR 6mm PUNTA PIRAMIDAL AUTOCLAV;1;46108;25369;46108,33;25368,78
63624;TROCAR DE JOLY N 24                ;2;456; -   ;228;0
680222;TROCAR DE JOLY N22                 ;3;600;600;200;200
50602;TROCAR DE JOLY Nro. 20 HOUSE       ;2;456;456;228;228
150604;TROCAR DE JOLY Nro.18              ;2;456;456;228;228
45022;TUBO DE KEHR N.3.5                 ;1;718;383;718;383,4
145023;TUBO DE KEHR N.4                   ;1;718;459;718;458,61
510246;TUBO DE KEHR N.5.5                 ;1;718;456;718;456,43
45026;TUBO DE KEHR N.6                   ;1;718;460;718;459,51
650130;TUBO DE MAYO N 5                   ;4;159;83;39,8;20,84
3100;TUBO TRANSTIMPANICO SHEEHY 1.28    ;2;844;844;422;422
39446;TUBULADURA ARTERIAL P/HEMOD A004   ;96;8448;8448;88;88
1239;TUBULADURA SILICONA P/NEBULIZADOR  ;20;540;540;27;27
653680;TUBULADURA VENOSA P/HEMOD V602     ;144;12672;12504;88;86,83
20393;TUNICA EST.HIDROF. HIMPERM. 50GR   ;30;4110;4110;137;137
22216;TUNICA FINA 20 GRS. HOUSE          ;940;16845;7323;17,92;7,79
222216;TUNICA FINA 20 GRS. ZONSEJNAS      ;700;11900;11900;17;17
216;TUNICA GRUESA 50 GRS. MEDICALKIT   ;470;34667;33408;73,76;71,08
25000;TUNICA GRUESA 50GRS. ZONSEJNAS     ;100;6770;6770;67,7;67,7
123120;VALVULA PEEP 2.5                   ;1;490;490;490;490
310001;VALVULA REGULADORA STEVENSON       ;1;236;236;236;236
33002;VENDA ALGODON LAMINADO * 10        ;80;2009;2009;25,11;25,11
33003;VENDA ALGODON LAMINADO * 15 CM     ;50;1802;1802;36,03;36,03
33004;VENDA ALGODON LAMINADO * 20 CM     ;75;3602;3602;48,03;48,03
33005;VENDA DE YESO 10 CM. * 1 UNIDAD    ;50;2950;2709;59;54,17
33006;VENDA DE YESO 15 CM. * 1 UNIDAD    ;50;4200;3950;84;79
33007;VENDA DE YESO 20 CM. * 1 UNIDAD    ;50;5650;5150;113;103
1234;VENDAS KENDALL TIPO COBAN * 1      ;187;15989;15989;85,5;85,5
22113;ZAPATONES DESCARTABLES MEDICAL KIT ;1000;1200; -   ;1,2;0
2213;ZAPATONES DESCARTABLES X1 HOUSE    ;600;1260;1260;2,1;2,1
22213;ZAPATONES DESCARTABLES X1 ZONSEJNAS;1400;2310;2352;1,65;1,68
460000;ABRILLANTAOR LAVA VAJILLA          ;4;890;969;222,38;242,28
400012;ACCOS * CAJA                       ;6;246;193;40,92;32,15
31301;ACETONA                            ;6;609;609;101,55;101,55
444443;AGUA DESTILADA X 10 Lts            ;12;1579;1579;131,6;131,6
2412;ALCOHL GEL 100 CC                  ;56;2524;2341;45,08;41,8
31002;ALCOHOL EUCALIPTADO                ;655;31165;31165;47,58;47,58
2410;ALCOHOL GEL * 1 LT.                ;21;1537;1537;73,2;73,2
2409;ALCOHOL GEL 250 ML C/VALVULA       ;22;805;805;36,6;36,6
31000;ALCOHOL RECTIFICADO x 1 LITRO      ;39;2687;2687;68,9;68,9
401096;ALMOHADILLAS                       ;4;131;67;32,79;16,72
450682;ANIOSGEL 85 DE 1 LITRO C/BOMBA     ;3;812;812;270,72;270,72
451682;ANIOSGEL 85 NPC AIRLES             ;3;838;838;279,28;279,28
5757;ANIOSYME * 5 LT.                   ;13;32058;32058;2466;2466
400027;BANDAS ELASTICAS * BOLSA           ;24;1082;1154;45,08;48,08
400563;BANDEJA 147 PP C/TAPA              ;2100;26523;24192;12,63;11,52
430202;BANQUETA PLASTICA APILABLE         ;4;754;84;188,52;20,95
400017;BARRA ADHESIVA                     ;21;1411;1304;67,21;62,09
401359;BATERIA 9 VOLT                     ;7;364;524;52,04;74,8
400053;BIBLIORATOS GRANDES                ;14;1320;935;94,26;66,82
444447;BLEM LUSTRA MUEBLES AEROSOL        ;15;2184;2184;145,63;145,63
401117;BOLLONES ORINA X 2 Lt              ;11;1609;1609;146,25;146,25
433019;BOLSA NEGRA 1X1 POR 1 (UNIDAD)     ;5543;34089;37027;6,15;6,68
433020;BOLSA NEGRA PAPELERA POR 1 (UNIDAD);11296;10166;24286;0,9;2,15
433018;BOLSA ROJA 1X1 POR 1 (UNIDAD)      ;3539;34541;34151;9,76;9,65
433021;BOLSA ROJA PAPELERA POR 1 (UNIDAD) ;4468;17425;18051;3,9;4,04
434022;BOLSA VERDE 70X90 POR 1 (UNIDAD)   ;2966;10114;15275;3,41;5,15
400088;BOLSAS 40 X 60 ROLLO TRANSPARENTE  ;12;5089;5185;424,06;432,11
403025;BOLSAS 50*70 TRANPARENTE           ;8;11166;9271;1395,7;1158,83
403022;BOLSAS BLANCAS 20*30               ;12;4920;6358;410;529,82
403023;BOLSAS HISTORIA 35 *50             ;2;4450;77;2225;38,43
403020;BOLSAS NEGRA PAPELERA*PAQUETE      ;6;3504;1203;584,01;200,52
403019;BOLSAS NEGRAS 1M*1M * PAQUETE      ;8;4407;4129;550,9;516,13
403018;BOLSAS ROJAS 1M*1M *PAQUETE        ;4;3479;2372;869,83;592,97
403021;BOLSAS ROJAS PAPELERA*PAQUETE      ;3;2026;1627;675,46;542,36
450450;BOLSAS TRANSPARENTE 20*30          ;5;2465;2239;493;447,82
403024;BOLSAS TRANSPARENTE 60 X 90        ;6;5906;5592;984,3;931,98
404022;BOLSAS VERDES 70*90* PAQUETE       ;275;2008;40373;7,3;146,81
88888;CAL SODADA * 5 KG.                 ;3;4350; -   ;1450;0
401098;CARBONICOS * 1                     ;15;29;48;1,92;3,23
400023;CARPETA C/ELASTICO                 ;6;133;114;22,13;18,98
400022;CARPETA T/TRANSPARENTE             ;94;1155;823;12,29;8,76
400506;CENTIMETRO                         ;2;98;98;49,18;49,18
100309;CHATAS PLASTICAS                   ;9;1474;1471;163,75;163,41
2129;CHEMISOL                           ;17;2584;2584;151,98;151,98
2130;CHEMISOL PLUS CON COLOR            ;56;9253;9253;165,24;165,24
2131;CHEMISOL PLUS S/ COLOR             ;70;11567;11567;165,24;165,24
444448;CIDEX OPA                          ;6;31434;31434;5239;5239
5758;CIDEZYME X  5 Lts                  ;8;48544;48544;6068;6068
401668;CIF COCINA 500 CC                  ;4;379;379;94,81;94,81
401667;CIF LIMPIA VIDRIO 500 CC           ;11;932;930;84,72;84,54
400007;CINTA ADHESIVA                     ;26;1534;1321;59,01;50,8
443005;CINTA DE ENMASCARAR                ;50;4508;5067;90,16;101,34
4330;CINTA HILERA ROLLO                 ;8;600;600;75;75
400008;CINTA MARRON                       ;37;1789;1680;48,36;45,4
400011;CLIPS GRANDES                      ;4;108;79;27,04;19,75
400024;CORRECTOR                          ;18;752;629;41,8;34,94
400021;CUADERNO * 96 HOJAS                ;10;304;114;30,4;11,37
400020;CUADERNOLA                         ;10;592;81;59,16;8,05
400557;CUCHARITAS DES/1000 UNID.          ;26000;8320;10660;0,32;0,41
401133;DERMANIOS CLOHEXIDINA JABONOSA 500 ;115;23622;23622;205,41;205,41
100010;DESCARTADOR DE MAT.PUNZANTE x 1 LT.;37;1406;1406;38;38
100011;DESCARTADORES AGUJAS DE 1/2        ;22;733;733;33,3;33,3
100009;DESCARTADORES MAT.PUNZANTE 10 litro;314;21666;21666;69;69
401016;DESODORANTE DE AMBIENTE GLADE      ;50;3204;2945;64,07;58,89
401018;DESODORANTE LIQUIDO                ;52;2261;2233;43,49;42,95
400047;DVD PRINTABLE MARCA DINAM (DVD+R)  ;100;833;1038;8,33;10,38
401132;ENCENDEDORES BIC                   ;2;59;61;29,5;30,56
400015;ENGRAMPADORA                       ;6;1072;911;178,65;151,89
400409;ESCOBAS TRADICIONAL * 1            ;12;639;1089;53,27;90,74
401661;ESPONJA ALUMINIO EN ROLLO          ;6;196;177;32,65;29,48
401669;ESPONJA LIMPIADORA VERDE AMARILLA  ;8;150;150;18,79;18,79
31003;ETER SULFURICO * 1 LITRO           ;7;4990;4990;712,8;712,8
210000;ETIQUETAS AMARILLAS* ROLLO         ;90;35414;34584;393,49;384,27
401017;FIJADOR DE PELO                    ;1;111;94;110,65;93,86
81015;FIJADOR PARA RX DENTALES POR LITRO ;1;110; -   ;110;0
400025;FUNDAS NYLON CARTA                 ;350;357;371;1,02;1,06
400026;FUNDAS NYLON OFICIO                ;100;110;111;1,1;1,11
400009;GANCHOS 26/6 * 1000                ;45;479;417;10,65;9,26
400651;HIPOCLORITO POR 1 Lt + ENVASE      ;428;13354;12784;31,2;29,87
400090;INDICES PARA BIBLIORATO            ;1;66;40;65,57;40,32
400103;INSECTICIDA RAID                   ;24;2993;3126;124,69;130,23
450365;JABON D26 COCINA                   ;10;1550;1665;155;166,53
400403;JABON INDEVIDUAL                   ;30;151;151;5,03;5,03
450457;JABON LAV BIOLEADER (CLAX MILD)    ;1;7756;7756;7756;7756
450360;JABON LAV LEADER(DUAL)             ;7;27020;30376;3860;4339,37
450362;JABON LAV NEUTRAL COLOR(NEUTRAPUR) ;2;7488;8540;3744;4269,98
450361;JABON LAV PRIME(BETA)              ;6;16410;18915;2735;3152,58
450364;JABON LAV SATIN(SUAVE)             ;5;11315;13099;2263;2619,74
450363;JABON LAV ST. COLOR(SONRIL)        ;4;12536;14407;3134;3601,64
401654;JABON SPRAY                        ;108;36482;34335;337,8;317,92
411135;KLORSEPT 87 * 60 TABLETAS          ;20;26954;26691;1347,7;1334,55
400074;LA GOTITA                          ;1;36;42;35,6;41,88
400019;LAPICERAS                          ;378;3561;3149;9,42;8,33
401401;LYSOFON AEROSOL                    ;29;3207;3314;110,59;114,27
444033;MANITOS 32 MM                      ;10;27;26;2,66;2,63
401852;MANOSPLUS * 40 UNIDADES            ;51;17260;17260;338,43;338,44
400057;MAQUINITAS AFEITAR BIC             ;5;67;62;13,31;12,3
444034;MOJA DEDOS                         ;5;393;393;78,68;78,68
400423;OPASTER * 5 LITROS                 ;5;9840;9929;1968;1985,89
402111;PALAS PLASTICAS                    ;2;239;239;119,5;119,5
400805;PANALES BABYSAN XXG * 1            ;4;1303; -   ;325,78;0
400802;PANALES DE ADULTO M X(UNIDAD)      ;80;2414;1621;30,18;20,26
400801;PANALES HUGGIES PEQUE.* 40         ;3;567;567;188,95;188,94
400800;PANALES PREMATURO PAQUETE          ;6;1336;1029;222,72;171,45
401664;PANO PISO                          ;219;8449;8142;38,58;37,18
400066;PAPEL CAMILLA                      ;135;22830;23647;169,11;175,16
61108;PAPEL ECG x 63 mm                  ;56;3640;4100;65;73,22
444000;PAPEL FOTOCOPIAS A4                ;142;4225;14221;29,75;100,15
444449;PAPEL FQS50-2-100 de 50 mm * 20 m  ;2;251;250;125,58;125,08
401653;PAPEL HIGIENICO KLEENEX * 600      ;42;6798;6027;161,86;143,5
400402;PAPEL HIGIENICO POR FUNDA          ;2;1627;37;813,68;18,33
411653;PAPEL HIGIENICO* 1 ROLLO           ;231;28489;21943;123,33;94,99
401650;PAPEL SCOTT DE 150 METROS          ;27;6014;7070;222,75;261,86
401652;PAPEL TOHALLA NATURAL              ;44;11660;7905;265;179,65
400016;PERFORADORA                        ;7;798;708;113,93;101,11
401256;PILAS AA                           ;158;2071;1966;13,11;12,44
401252;PILAS AAA                          ;74;970;957;13,11;12,93
401360;PILAS GRANDES                      ;22;1605;1560;72,95;70,89
401258;PILAS MEDIANAS                     ;8;446;451;55,73;56,33
400567;PLATO BLANCO 15 CM TAMI            ;10000;5700;17000;0,57;1,7
444453;PORTA CINTA GRANDE                 ;1;147;124;146,72;124,47
400401;PRECINTOS * 25*100 UNI.            ;15770;10093;58349;0,64;3,7
400666;PULIDOR CREMA                      ;42;3008;2605;71,61;62,02
401665;REJILLAS                           ;214;3020;3073;14,11;14,36
400073;REPASADORES                        ;4;207;160;51,63;39,96
400809;REPELENTE INSECTOS AEROSOL         ;5;520;614;104,09;122,78
444501;REPUESTO AROMATIZANTE AUTOMATICO   ;24;2852;2757;118,85;114,86
81014;REVELADOR PARA RX DENT.X.LIIRO     ;1;140; -   ;140;0
405081;SAVON DOUX 1 LITRO                 ;25;4933;4933;197,33;197,33
400039;SOBRE FORM CARTA BLANCOS           ;497;368;283;0,74;0,57
400078;SOBRE MANILLA A4                   ;85;241;218;2,84;2,56
444035;SOBRES 19 X 24                     ;120;234;234;1,95;1,95
400085;SOBRES MANILA 30*40                ;90;351;342;3,9;3,8
444508;SOBRES PARA CD                     ;100;146;146;1,46;1,46
400089;STICK NOTES                        ;106;1477;1659;13,93;15,65
401134;SURFA SAFE                         ;2;1396;1391;698;695,56
400006;SYLVAPEN FINO                      ;41;1310;1236;31,96;30,14
400003;SYLVAPEN FLUOR                     ;53;1260;1142;23,77;21,55
400004;SYLVAPEN PERMANENTE                ;99;2921;2754;29,5;27,82
400005;SYLVAPEN PIZARRA                   ;33;1055;899;31,96;27,23
400079;TABLA DE ACRILICO CON PINZA        ;5;365;358;72,95;71,61
400559;TAPA VASO 300/330-NATURAL-         ;2000;1260;1260;0,63;0,63
400013;TIJERA                             ;12;816;636;68,03;53
400014;TIJERA MUNDIAL                     ;1;283;263;282,78;262,76
675;TIRILLAS CUANTITES * 100           ;2;3200; -   ;1600;0
403075;"TOALLAS WIP""ANIOS                  ";12;14532; -   ;1211;0
411655;TOHALLAS ROLLO INDAIAL             ;739;95819;100157;129,66;135,53
450458;TOHALLAS WYPALL *70 *80 TOHALLAS   ;6;2940;4559;490,05;759,91
401561;VASO POLIPAPEL B/C 80Z 240C IMP GEN;4000;7920;9440;1,98;2,36
400555;VASO PP 300ML-NATURAL-             ;2000;1200;1680;0,6;0,84
400556;VASOS 180 CC* 2500UNID.            ;75000;20250;21750;0,27;0,29
400561;VASOS ESPUMA 180                   ;1000;990;860;0,99;0,86
400562;VASOS ESPUMA 240 CC                ;1000;1110;1300;1,11;1,3
100308;VIOLINES PVC                       ;7;429;429;61,25;61,25
400680;XTERICOL POR 1 Lt                  ;1;600;600;600;600
288;AGUA BIDESTILADA 50 CC             ;300;7068;7068;23,56;23,56
22148;AGUA BIDESTILADA X 1000 CC         ;447;13665;13651;30,57;30,54
31001;AGUA OXIGENADA * 1 LT              ;67;2774;2774;41,4;41,4
11148;ALCOHOL ISOPROPILICO * 1 LT.       ;8;1062;1062;132,8;132,8
30001;ALGODON * 1KILO                    ;92;13892;13892;151;151
40761;AZUL DE METILENO USP SOL 1%        ;1;131;121;130,68;120,95
113517;BIG BAG 650 COD.5008               ;224;44993;43369;200,86;193,61
113511;BIG BAG 650 G                      ;448;84847;79901;189,39;178,35
99103;BOLSA SULFATO BARIO P/ENEMA        ;20;21980;21980;1099;1099
113216;CONCENTRADO AC 50                  ;202;104133;99392;515,51;492,04
113215;CONCENTRADO AC C40                 ;3;1329;1237;443,16;412,25
113214;CONCENTRADO AC45 (RICO EN POTASIO) ;4;1761;1586;440,23;396,5
5565;FORMOL SOL. AL 10% TAMP/BUFFER     ;1;283;283;283,2;283,2
5562;FORMOL TAMPONADO AL 4% * 1LT       ;3;354;346;117,9;115,26
5563;FORMOL TAMPONADO AL 4% * 5 LT.     ;11;3207;3207;291,5;291,56
83000;GEL PARA ECOGRAFIAS CENSONIC       ;16;1123;1148;70,2;71,76
830001;GEL PARA ECOGRAFIAS DE 250 CC      ;12;367;367;30,6;30,6
444441;HIPOCLORITO SOLUCION AL 0.5%       ;4;639;639;159,8;159,8
400505;HISTOPLAST POR Kg                  ;20;13419;13419;670,96;670,96
400300;NITRATO DE PLATA EN BARRA          ;1;1281;1281;1280,6;1280,6
60030;PAPEL PRINTER COMUN P/ ECO         ;10;2900;2820;290;282
81001;PELICULAS R X DENTALES             ;2;3825;3825;1912,46;1912,46
91030;PRISMA FRESNEL 3.0                 ;1;1543;1543;1543,14;1543,14
112120;PURISTERIL 340                     ;8;19564;18261;2445,46;2282,57
99102;SULFATO DE BARIO EZHD EGD          ;18;8226;8226;457;457
59001;VASELINA LIQUIDA                   ;1;132;132;131,8;131,8
59002;VASELINA SOLIDA * 1 KILO           ;1;236;236;235,9;235,9
3662;XILOL x LITRO                      ;9;1073;1073;119,2;119,2
8044;YODOPOVIDONA * 1 LT                ;5;1361;1361;272,2;272,2
